{
    "average_similarity": 0.8229296916723251,
    "std_similarity": 0.08887045932892026
}