{
    "full_text_aggregation": 0.33601656075142605,
    "min_first_second_aggregation": 0.2573489796228801
}